{"cameraMode":{"drawMode":0,"name":"Shaded","section":"Shading Mode"},"sceneLighting":false,"audioPlay":false,"sceneViewState":{"showFog":false,"showMaterialUpdate":false,"showSkybox":false,"showFlares":false,"showImageEffects":false,"showParticleSystems":false},"in2DMode":false,"pivot":{"x":17.33636474609375,"y":-22.70319938659668,"z":5.642787933349609},"rotation":{"x":-0.35133081674575808,"y":0.043513279408216479,"z":-0.016348762437701227,"w":-0.935096800327301},"size":82.86524963378906,"orthographic":false}