{"cameraMode":{"drawMode":0,"name":"Shaded","section":"Shading Mode"},"sceneLighting":false,"audioPlay":false,"sceneViewState":{"showFog":false,"showMaterialUpdate":false,"showSkybox":false,"showFlares":false,"showImageEffects":false,"showParticleSystems":false},"in2DMode":false,"pivot":{"x":7.202600479125977,"y":8.60919189453125,"z":103.55269622802735},"rotation":{"x":0.6424249410629273,"y":0.032157156616449359,"z":-0.026997726410627366,"w":0.7651975750923157},"size":1387.1885986328125,"orthographic":false}